{"cameraMode":{"drawMode":0,"name":"Shaded","section":"Shading Mode"},"sceneLighting":true,"audioPlay":false,"sceneViewState":{"m_AlwaysRefresh":false,"showFog":true,"showSkybox":true,"showFlares":true,"showImageEffects":true,"showParticleSystems":true,"showVisualEffectGraphs":true,"m_FxEnabled":true},"in2DMode":false,"pivot":{"x":215.02304077148438,"y":201.40335083007813,"z":-217.70460510253907},"rotation":{"x":-0.12674716114997865,"y":0.18250510096549989,"z":-0.02373267337679863,"w":-0.9747098684310913},"size":81.39410400390625,"orthographic":false}